subreddit,n_posts
22q,20
ADPKD,20
ALS,20
AL_Amyloidosis,2
AMLX,2
AMPD1,6
AMYT,1
APMPPE,3
AVXL,2
AZOOR,15
Achromatopsia,8
AddisonsDisease,20
AdiposisDolorosa,1
AdultCHD,20
AiWSyndrome,15
Albinism,20
Alopecia_Universalis,14
AlportSyndrome,20
AngelmanSyndrome,12
Angioedema,20
AnorectalMalformation,1
Apraxia,20
Autoinflammatory,20
BPMC,1
BRCA,20
BeckersNevus,20
Behcets,20
BierSpots,1
Brachydactyly_Type_D,7
BrainCysts,20
BrittleBones,20
CADASIL,14
CARPskincondition,11
CCXI,20
CDH_Defect,1
CFS_CrampFasciculatio,1
CHSinfo,20
CIDP,2
CJD,20
CMML,2
CMSmuscledisorder,8
CMT,20
CRMO,12
CRPS,20
CRPScontender,4
CRPSfundraising,2
CSID,20
CVGcare,1
CVICommunity,1
CVID,20
Calciphylaxis,3
CarcinoidSyndrome,15
CaudaEquinaSyndrome,20
CdLS,1
CerebellarHypoplasia,20
CharcotMarieTooth,6
Chronic_Granulomatous,3
ColdAgglutinin,2
Cold_Urticaria,3
ConeRodDystrophy,2
CongenitalAnosmia,10
ConversionDisorder,13
CorpusCallosum,4
CranioFolk,13
Craniopharyngioma,10
Cushings,20
Cushingsdogs,20
CysticFibrosisOnly,20
Cystic_Fibrosis,2
Cystinuria,2
DiamondBlackfanAnemia,1
DissectingCellulitis,7
DomperidonEffects,1
DuaneSyndrome,20
Dunbarsyndrome,2
Dystonia,20
EGID,11
EGPAsupport,20
EbsteinsAnomaly,8
EctodermalDysplasia,9
Encephalitis,20
EndDeathGrip,20
EpendymomaWarriors,2
Epidermolysis,2
EpidermolysisBullosa,9
EpilepsyDogs,20
Erythromelalgia,20
EvansSyndrome,3
FSHD,20
FamilialPolyposisFAP,20
Fetalcystichygroma,3
FibrousDysplasia,6
FriedreichsAtaxia,7
G6PD_CNSHA,1
GCT_OvarianCancer,1
GIST_Survivor,2
Galactosemia,17
GeneticHighLDL,11
GorlinSyndrome,1
GranulPolyangiitis,8
GrowthHormone,14
GrowthHormoneForKids,4
HAE,20
HCTDs,2
HDsupport,2
HELLPsyndrome,17
HFEC282Y,6
HHT,20
HIE,7
HLH,3
HLHS,20
HNPPsupport,20
HSPlife,2
HaTSyndrome,8
HemicraniaContinua,20
HemifacialSpasms,20
Hemophilia,20
Hereditary_Angioedema,7
HirayamaDisease,11
Hirschsprungs,20
Huntingtons,20
Hydrocephalus,20
Hyper_IgE,2
HypertrophicCM,20
Hypophosphatasia,20
Hypopituitarism,20
Hypotonia,20
InfantileHemangioma,20
KPRubraFaceii,20
Keratoconustreatment,1
KlippelTrenaunay,14
LAM,2
LARPAR,20
LCH,2
LGLL,6
Li_Fraumeni_Syndrome,5
LichenPlanopilaris,15
Lichenplanus,20
LongQTSyndrome,20
LymphaticMalformation,7
Lymphedema,20
MALSyndrome,11
MCAS,20
MEAction,20
MERS,2
MIS_C,11
MRKH,20
MSAtrophy,2
MalignantHyperthermia,6
ManySidesOfJanePublic,10
MarcusGunnSyndrome,3
MastCellDiseases,20
MastCellDisorders,1
MdDS,5
Microtia,20
MitochondrialDisease,20
Modydiabetes,10
MonoHearing,20
MoralMedicine,1
MosaicTurnerSyndrome,12
MuscularDystrophy,20
MyastheniaGravisBlog,4
Myasthenia_Gravis,20
Myositis,20
MyotoniaCongenita,20
N24,20
NBBrainDisease,20
NCAH,20
NFNFIHD,2
NMOSD,3
NMOdisease,20
NagerSyndrome,1
Nailpatellasyndrome,2
Narcolepsy,20
NeglectedDiseases,2
NeuroSense,3
Non_24,3
NoonanSyndrome,6
NoonanSyndromeAU,2
NutcrackerSyndrome,20
OPMD,1
OpticDiscDrusen,3
OpticNerveHypoplasia,7
Osteosarcoma,20
PANS_PANDAS,7
PBCers,20
PLSmnd,1
PMOPAWS,20
POFlife,20
POIS,20
POTS_Minnesota,9
PPCM_Heart_Failure,2
PRIONnews,2
PSC,20
PSPcommunity,9
PSSD,20
PachyonychiaCongenita,3
Paraganglioma,2
Parasomnias,2
ParoxysmalHemicrania,4
ParsonageTurnerSyndro,10
PectusArcuatum,1
PeriodicParalysis,20
PerniciousAnemia,20
PeutzJeghersSyndrome,1
Pituitary,13
PolandSyndrome,20
PolyArteritisNodosa,3
Polymyositis,3
Porphyria,20
PrecociousPuberty,3
PrimaryCiliaryD,4
Primary_Aldosteronism,2
PulmonaryHypertension,20
PureSensoryCIDP,1
Pyodermagangrenosum,2
QNRX,1
RCVS,14
RadioulnarSynostosis,20
RareDiseaseDiagnostic,3
RelapsingPolychondrit,20
RenalCats,20
RetinitisPigmentosa,20
Rettsyndrome,7
SARDS,7
SCADHeart,1
SCT,20
SRPT,2
SchofieldCabanaAbuse,20
ShortBowelSyndrome,6
Shriners,20
SitusInversus,2
Smith_Magenis_SMS,1
Soft_Tissue_Sarcoma,20
SolarUrticaria,12
SotosSyndrome,2
SticklerSyndrome,20
StiffPersonSyndrome,20
StupidBotulism,1
SynovialChondro,12
TMAU,20
TS_Withdrawal,20
TTC_POI,16
TTP_LowPlatelets,20
Takayasuarteritis,6
Tetralogy_of_Fallot,20
Thiamine_B1,5
ThoseWithOI,4
ThyroidEyeDisease,20
Trans_Zebras,20
Transversemyelitis,2
TreacherCollins,2
TrigeminalNeuralgia,20
TrisomyX,4
TuberousSclerosisComp,20
TurnerSyndrome,20
UARS,20
UARSnew,20
UCDfamilies,9
UCTD,20
VHFs,2
VaricoceleMayThurner,15
Vasculitis,4
VisualSnowRecovery,9
VisualSnowSyndrome,20
Vitiligo,20
VonWillebrand,8
WethePeoplehaveSMAS,3
WilsonsDisease,3
XLH,3
XXY,20
acromegaly,20
acuteMaculopathy,4
amyloidosis,17
aortic_aneurysm,20
aorticdissection,5
aplasticanemia,20
aquagenicpruritus,20
autoimmunehepatitis,20
biid,20
bileductcancer,20
bladderexstrophy,1
braincancer,20
brainstemcavernoma,4
braintumor,20
brugadasyndrome,3
burkittlymphoma,1
burningtongue,3
bvFTD,2
cfs,20
chcats,20
chiariuk,4
chordoma,5
clinodactyly,8
coldurticaria,20
collagendisorders,2
coppertoxic,1
cowdensyndrome,4
dermatomyositis,20
desmoid,20
discoidlupus,2
dnafragmentation,20
dwarfism,20
dysautonomia,20
eds,20
ehlersdanlos,20
emptynosesyndrome,20
fabrysdisease,20
faceblind,19
fastfeeling,20
frontotemporal,7
fxPremutationCarriers,3
gitelman,18
glossopharyngeal,20
glycogenstoragedisea,2
guillainbarre,20
hEDS,20
heartmoms,2
hsp_pls,2
hypospadias,20
idiopathichypersomnia,20
ifrx,6
ilven,4
infantilespasms,20
interm_hydrarthrosis,1
intestinalMalrotation,2
kabukisyndrome,2
kallmann_syndrome,20
leiomyosarcoma,1
leukemia,20
leukodystrophy,3
lipodystrophy,1
lqts,20
lymphangiectasia,6
marfans,20
mastcelldisease,20
mastocytosis,20
mctd,20
mds,20
meningioma,20
micropenissupport,8
mito,20
mnd,2
moebiussyndrome,6
monomelicamyotrophy,2
multiplesystematrophy,20
myelofibrosis,6
neuroblastoma,18
neurofibromatosis,20
nipah,4
ocularmelanoma,3
opticatrophy,1
osteogenesisimperfect,3
paroxysmaldyskinesia,4
pemphigus,20
phenylketonuria,20
poliosis,20
polycythemiavera,20
pompediseaseparents,1
praderwilli,12
primaryimmune,20
prurigonodularis,6
puv,2
rabies,20
rarediseases,20
rhabdomyosarcoma,1
rhythmicmovementdisor,1
sads,7
sarcoma,20
scarringalopecia,20
scds,20
scleroderma,20
secondaryAI,2
silentsinussyndrome,5
sjsten,1
spinalmuscularatrophy,20
sprengelsdeformity,1
stargardts,18
steatocystomamultiple,3
stillsdisease,20
subglotticstenosis,3
syndactyly,6
tetheredcord,20
tgct,6
thoracicoutletsupport,20
transverse_myelitis,20
ultrararedisease,7
unknowndisease,13
ushersyndrome,16
vEDS,20
valleyfever,9
vestibulodynia,20
vibratoryUrticaria,5
vkh,2
vonHippelLindau,1
wagrsyndrome,1
wetbrain,20
williamssyndrome,20
wpwsyndrome,1
xerodermapigmentosum,1
xxmale,2
